epoch,accuracy,loss,lr,top1,val_accuracy,val_loss,val_top1
0,0.4513186514377594,2.8221805095672607,0.01,0.4513186514377594,0.38481104373931885,2.8277363777160645,0.38481104373931885
1,0.4608537554740906,2.8065056800842285,0.01,0.4608537554740906,0.45530521869659424,2.8046658039093018,0.45530521869659424
2,0.46930062770843506,2.79189395904541,0.01,0.46930062770843506,0.4920058250427246,2.7787768840789795,0.4920058250427246
3,0.46975475549697876,2.7783920764923096,0.01,0.46975475549697876,0.49963662028312683,2.766054153442383,0.49963662028312683
4,0.4891008138656616,2.7552809715270996,0.01,0.4891008138656616,0.5076308250427246,2.7406938076019287,0.5076308250427246
5,0.4958219826221466,2.7403581142425537,0.01,0.4958219826221466,0.5501453280448914,2.7206201553344727,0.5501453280448914
6,0.509627640247345,2.718035936355591,0.01,0.509627640247345,0.5392441749572754,2.7000935077667236,0.5392441749572754
7,0.5020890235900879,2.7109835147857666,0.01,0.5020890235900879,0.5297965407371521,2.6876089572906494,0.5297965407371521
8,0.5202543139457703,2.682591199874878,0.01,0.5202543139457703,0.5450581312179565,2.6515769958496094,0.5450581312179565
9,0.5114441514015198,2.6719183921813965,0.01,0.5114441514015198,0.463299423456192,2.7165727615356445,0.463299423456192
10,0.527974545955658,2.6465704441070557,0.01,0.527974545955658,0.5770348906517029,2.6021196842193604,0.5770348906517029
11,0.5340599417686462,2.628109931945801,0.01,0.5340599417686462,0.5770348906517029,2.590726613998413,0.5770348906517029
12,0.5434150695800781,2.600583791732788,0.01,0.5434150695800781,0.6104651093482971,2.537548065185547,0.6104651093482971
13,0.5576748251914978,2.5733299255371094,0.01,0.5576748251914978,0.5886628031730652,2.5188910961151123,0.5886628031730652
14,0.5710263252258301,2.5434792041778564,0.01,0.5710263252258301,0.6402616500854492,2.4594078063964844,0.6402616500854492
15,0.5764759182929993,2.527459144592285,0.01,0.5764759182929993,0.6507993936538696,2.438131093978882,0.6507993936538696
16,0.5901907086372375,2.4934873580932617,0.01,0.5901907086372375,0.6420784592628479,2.413729429244995,0.6420784592628479
17,0.5935513377189636,2.474303960800171,0.01,0.5935513377189636,0.6199128031730652,2.4216113090515137,0.6199128031730652
18,0.5998183488845825,2.4511075019836426,0.01,0.5998183488845825,0.6380813717842102,2.4124538898468018,0.6380813717842102
19,0.6095367670059204,2.424375295639038,0.01,0.6095367670059204,0.648982584476471,2.3762292861938477,0.648982584476471
20,0.6046321392059326,2.410224437713623,0.01,0.6046321392059326,0.6551598906517029,2.345653533935547,0.6551598906517029
21,0.6271571516990662,2.3738839626312256,0.01,0.6271571516990662,0.633357584476471,2.359837770462036,0.633357584476471
22,0.6150771975517273,2.3768231868743896,0.01,0.6150771975517273,0.6711482405662537,2.280372381210327,0.6711482405662537
23,0.6326975226402283,2.3332979679107666,0.01,0.6326975226402283,0.6595203280448914,2.296861410140991,0.6595203280448914
24,0.6170753836631775,2.3458003997802734,0.01,0.6170753836631775,0.6471657156944275,2.2867088317871094,0.6471657156944275
25,0.6299727559089661,2.311471700668335,0.01,0.6299727559089661,0.6257267594337463,2.3039069175720215,0.6257267594337463
26,0.6363306045532227,2.285834550857544,0.01,0.6363306045532227,0.6954941749572754,2.2008512020111084,0.6954941749572754
27,0.643142580986023,2.263685941696167,0.01,0.643142580986023,0.6885901093482971,2.193777084350586,0.6885901093482971
28,0.6489555239677429,2.2412593364715576,0.01,0.6489555239677429,0.6889534592628479,2.152249336242676,0.6889534592628479
29,0.6571298837661743,2.2204980850219727,0.01,0.6571298837661743,0.6711482405662537,2.1989996433258057,0.6711482405662537
30,0.6492279767990112,2.2159392833709717,0.001,0.6492279767990112,0.7129360437393188,2.118800640106201,0.7129360437393188
31,0.6839237213134766,2.1538474559783936,0.001,0.6839237213134766,0.7151162624359131,2.101977586746216,0.7151162624359131
32,0.6881925463676453,2.1466150283813477,0.001,0.6881925463676453,0.7231104373931885,2.0993576049804688,0.7231104373931885
33,0.6864668726921082,2.152836322784424,0.001,0.6864668726921082,0.7245639562606812,2.093592882156372,0.7245639562606812
34,0.6853769421577454,2.150057077407837,0.001,0.6853769421577454,0.729651153087616,2.0867416858673096,0.729651153087616
35,0.6934604644775391,2.141781806945801,0.001,0.6934604644775391,0.7318313717842102,2.080447196960449,0.7318313717842102
36,0.6881925463676453,2.1343328952789307,0.001,0.6881925463676453,0.7292878031730652,2.079350709915161,0.7292878031730652
37,0.6891916394233704,2.1359241008758545,0.001,0.6891916394233704,0.7380087375640869,2.0729873180389404,0.7380087375640869
38,0.7008174657821655,2.1249749660491943,0.001,0.7008174657821655,0.7372819781303406,2.0679526329040527,0.7372819781303406
39,0.6983651518821716,2.1201095581054688,0.001,0.6983651518821716,0.7227470874786377,2.085841417312622,0.7227470874786377
40,0.6967302560806274,2.12577486038208,0.001,0.6967302560806274,0.7311046719551086,2.06850004196167,0.7311046719551086
41,0.7016348838806152,2.1206607818603516,0.001,0.7016348838806152,0.7463662624359131,2.057466983795166,0.7463662624359131
42,0.6957311630249023,2.1191306114196777,0.001,0.6957311630249023,0.7325581312179565,2.0614020824432373,0.7325581312179565
43,0.6976385116577148,2.1177375316619873,0.001,0.6976385116577148,0.7409157156944275,2.054713010787964,0.7409157156944275
44,0.7010899186134338,2.1115498542785645,0.001,0.7010899186134338,0.7441860437393188,2.0477230548858643,0.7441860437393188
45,0.7039963603019714,2.10550856590271,0.001,0.7039963603019714,0.7460029125213623,2.043257474899292,0.7460029125213623
46,0.7092642784118652,2.101969003677368,0.001,0.7092642784118652,0.7423691749572754,2.049025535583496,0.7423691749572754
47,0.7039963603019714,2.100388765335083,0.001,0.7039963603019714,0.7536337375640869,2.0374398231506348,0.7536337375640869
48,0.7078110575675964,2.094857931137085,0.001,0.7078110575675964,0.7492732405662537,2.032391309738159,0.7492732405662537
49,0.7058128714561462,2.0923080444335938,0.001,0.7058128714561462,0.7474563717842102,2.034928798675537,0.7474563717842102
50,0.7183469533920288,2.0741701126098633,0.001,0.7183469533920288,0.7521802186965942,2.0296802520751953,0.7521802186965942
51,0.7067211866378784,2.098937511444092,0.001,0.7067211866378784,0.7536337375640869,2.0230023860931396,0.7536337375640869
52,0.7105358839035034,2.0876524448394775,0.001,0.7105358839035034,0.7529069781303406,2.0200512409210205,0.7529069781303406
53,0.7194368839263916,2.0746657848358154,0.001,0.7194368839263916,0.7529069781303406,2.032113552093506,0.7529069781303406
54,0.7136240005493164,2.073232650756836,0.001,0.7136240005493164,0.7136628031730652,2.0904550552368164,0.7136628031730652
55,0.7120799422264099,2.074812889099121,0.001,0.7120799422264099,0.7579941749572754,2.012528657913208,0.7579941749572754
56,0.7208901047706604,2.0693697929382324,0.001,0.7208901047706604,0.7569040656089783,2.0014097690582275,0.7569040656089783
57,0.7225250005722046,2.061899423599243,0.001,0.7225250005722046,0.7616279125213623,2.007350444793701,0.7616279125213623
58,0.7180745005607605,2.058372974395752,0.001,0.7180745005607605,0.7470930218696594,2.0166773796081543,0.7470930218696594
59,0.7177111506462097,2.0637943744659424,0.001,0.7177111506462097,0.754723846912384,2.017702102661133,0.754723846912384
60,0.7304269075393677,2.0506534576416016,1e-04,0.7304269075393677,0.7772529125213623,1.983628749847412,0.7772529125213623
61,0.7405994534492493,2.031533718109131,1e-04,0.7405994534492493,0.7757993936538696,1.9827011823654175,0.7757993936538696
62,0.7374204993247986,2.0391759872436523,1e-04,0.7374204993247986,0.7768895626068115,1.983112096786499,0.7768895626068115
63,0.730699360370636,2.0411665439605713,1e-04,0.730699360370636,0.7776162624359131,1.983534336090088,0.7776162624359131
64,0.7359672784805298,2.0336451530456543,1e-04,0.7359672784805298,0.7787063717842102,1.9807591438293457,0.7787063717842102
65,0.7376930117607117,2.0272834300994873,1e-04,0.7376930117607117,0.7783430218696594,1.9836958646774292,0.7783430218696594
66,0.7366939187049866,2.035050630569458,1e-04,0.7366939187049866,0.773982584476471,1.9838703870773315,0.773982584476471
67,0.7374204993247986,2.032945156097412,1e-04,0.7374204993247986,0.7787063717842102,1.9786624908447266,0.7787063717842102
68,0.7371480464935303,2.034419536590576,1e-04,0.7371480464935303,0.7808866500854492,1.9800746440887451,0.7808866500854492
69,0.7343324422836304,2.0341148376464844,1e-04,0.7343324422836304,0.776526153087616,1.9799774885177612,0.776526153087616
70,0.7383288145065308,2.024845838546753,1e-04,0.7383288145065308,0.7787063717842102,1.9816056489944458,0.7787063717842102
71,0.7402361631393433,2.0263798236846924,1e-04,0.7402361631393433,0.7768895626068115,1.983013391494751,0.7768895626068115
72,0.7343324422836304,2.0427498817443848,1e-04,0.7343324422836304,0.7797965407371521,1.9809941053390503,0.7797965407371521
73,0.7376930117607117,2.029184579849243,1e-04,0.7376930117607117,0.7808866500854492,1.977898120880127,0.7808866500854492
74,0.7356039881706238,2.03104305267334,1e-04,0.7356039881706238,0.7725290656089783,1.9801472425460815,0.7725290656089783
75,0.736875593662262,2.0357069969177246,1e-04,0.736875593662262,0.7757993936538696,1.976707935333252,0.7757993936538696
76,0.7339690923690796,2.0300748348236084,1e-04,0.7339690923690796,0.78125,1.9764810800552368,0.78125
77,0.744777500629425,2.0219719409942627,1e-04,0.744777500629425,0.7736191749572754,1.9802699089050293,0.7736191749572754
78,0.7386921048164368,2.0295183658599854,1e-04,0.7386921048164368,0.7790697813034058,1.975904941558838,0.7790697813034058
79,0.7359672784805298,2.0276010036468506,1e-04,0.7359672784805298,0.7790697813034058,1.9750264883041382,0.7790697813034058
80,0.7384195923805237,2.027179718017578,1e-04,0.7384195923805237,0.7783430218696594,1.974827766418457,0.7783430218696594
81,0.7436875700950623,2.0239458084106445,1e-04,0.7436875700950623,0.7783430218696594,1.974804401397705,0.7783430218696594
82,0.7419618368148804,2.020108699798584,1e-04,0.7419618368148804,0.7797965407371521,1.9760563373565674,0.7797965407371521
83,0.7360581159591675,2.030879020690918,1e-04,0.7360581159591675,0.7779796719551086,1.9765864610671997,0.7779796719551086
84,0.7411444187164307,2.0188374519348145,1e-04,0.7411444187164307,0.7823401093482971,1.9716092348098755,0.7823401093482971
85,0.7391462326049805,2.022103786468506,1e-04,0.7391462326049805,0.7772529125213623,1.9750641584396362,0.7772529125213623
86,0.748228907585144,2.0204641819000244,1e-04,0.748228907585144,0.7761628031730652,1.9749349355697632,0.7761628031730652
87,0.7371480464935303,2.027573585510254,1e-04,0.7371480464935303,0.7757993936538696,1.9746896028518677,0.7757993936538696
88,0.7412352561950684,2.0227108001708984,1e-04,0.7412352561950684,0.776526153087616,1.9752367734909058,0.776526153087616
89,0.7408719062805176,2.0207176208496094,1e-04,0.7408719062805176,0.7816133499145508,1.9717803001403809,0.7816133499145508
90,0.7411444187164307,2.013906717300415,1e-04,0.7411444187164307,0.7816133499145508,1.9712913036346436,0.7816133499145508
91,0.7418709993362427,2.0172817707061768,1e-04,0.7418709993362427,0.7779796719551086,1.970449447631836,0.7779796719551086
92,0.7426884770393372,2.0186235904693604,1e-04,0.7426884770393372,0.7856104373931885,1.9706398248672485,0.7856104373931885
93,0.7375113368034363,2.0220558643341064,1e-04,0.7375113368034363,0.7721657156944275,1.9792526960372925,0.7721657156944275
94,0.7431426048278809,2.0244269371032715,1e-04,0.7431426048278809,0.7834302186965942,1.970495581626892,0.7834302186965942
95,0.7419618368148804,2.0122408866882324,1e-04,0.7419618368148804,0.7779796719551086,1.9698338508605957,0.7779796719551086
96,0.7407811284065247,2.016558885574341,1e-04,0.7407811284065247,0.7761628031730652,1.97466242313385,0.7761628031730652
97,0.7418709993362427,2.0129313468933105,1e-04,0.7418709993362427,0.78125,1.965745449066162,0.78125
98,0.7420526742935181,2.0207574367523193,1e-04,0.7420526742935181,0.7863371968269348,1.9680016040802002,0.7863371968269348
99,0.7484105229377747,2.011775255203247,1e-04,0.7484105229377747,0.7823401093482971,1.9642692804336548,0.7823401093482971
100,0.7432334423065186,2.0143160820007324,1e-04,0.7432334423065186,0.7877907156944275,1.9614245891571045,0.7877907156944275
101,0.7487738132476807,2.0118958950042725,1e-04,0.7487738132476807,0.7790697813034058,1.9697595834732056,0.7790697813034058
102,0.7470481395721436,2.013045310974121,1e-04,0.7470481395721436,0.7845203280448914,1.9677749872207642,0.7845203280448914
103,0.7404177784919739,2.01855206489563,1e-04,0.7404177784919739,0.7834302186965942,1.9655718803405762,0.7834302186965942
104,0.7473205924034119,2.0149431228637695,1e-04,0.7473205924034119,0.7808866500854492,1.9643590450286865,0.7808866500854492
105,0.7464123368263245,2.01059627532959,1e-04,0.7464123368263245,0.7819767594337463,1.9684641361236572,0.7819767594337463
106,0.7465031743049622,2.0106565952301025,1e-04,0.7465031743049622,0.7877907156944275,1.962083339691162,0.7877907156944275
107,0.7436875700950623,2.017491102218628,1e-04,0.7436875700950623,0.7841569781303406,1.962780475616455,0.7841569781303406
108,0.7481380701065063,2.0142228603363037,1e-04,0.7481380701065063,0.7805232405662537,1.9659943580627441,0.7805232405662537
109,0.7457765936851501,2.009171962738037,1e-04,0.7457765936851501,0.7874273061752319,1.960509181022644,0.7874273061752319
110,0.7454132437705994,2.0096209049224854,1e-04,0.7454132437705994,0.7863371968269348,1.9604039192199707,0.7863371968269348
111,0.740690290927887,2.01332426071167,1e-04,0.740690290927887,0.7823401093482971,1.965498447418213,0.7823401093482971
112,0.7490463256835938,2.014345407485962,1e-04,0.7490463256835938,0.7903342843055725,1.956243634223938,0.7903342843055725
113,0.7408719062805176,2.013056516647339,1e-04,0.7408719062805176,0.7863371968269348,1.95929753780365,0.7863371968269348
114,0.7504995465278625,2.0012431144714355,1e-04,0.7504995465278625,0.7837936282157898,1.964856505393982,0.7837936282157898
115,0.7476839423179626,2.009030818939209,1e-04,0.7476839423179626,0.7856104373931885,1.9565119743347168,0.7856104373931885
116,0.7437784075737,2.0183682441711426,1e-04,0.7437784075737,0.78125,1.9604518413543701,0.78125
117,0.7463214993476868,2.004427909851074,1e-04,0.7463214993476868,0.788517415523529,1.9630297422409058,0.788517415523529
118,0.7503178715705872,2.005589723587036,1e-04,0.7503178715705872,0.7863371968269348,1.955474853515625,0.7863371968269348
119,0.747593104839325,2.004303455352783,1e-04,0.747593104839325,0.7830668687820435,1.9580906629562378,0.7830668687820435
120,0.748228907585144,2.0043416023254395,1e-04,0.748228907585144,0.7903342843055725,1.9552383422851562,0.7903342843055725
121,0.7485013604164124,2.00456166267395,1e-04,0.7485013604164124,0.7827034592628479,1.958121418952942,0.7827034592628479
122,0.7466848492622375,2.002002477645874,1e-04,0.7466848492622375,0.7848837375640869,1.9557615518569946,0.7848837375640869
123,0.7459582090377808,2.005619525909424,1e-04,0.7459582090377808,0.7888808250427246,1.9509029388427734,0.7888808250427246
124,0.751680314540863,2.00537109375,1e-04,0.751680314540863,0.7892441749572754,1.9554442167282104,0.7892441749572754
125,0.7477747797966003,2.000446081161499,1e-04,0.7477747797966003,0.7845203280448914,1.9572745561599731,0.7845203280448914
126,0.7531335353851318,1.9934420585632324,1e-04,0.7531335353851318,0.7834302186965942,1.9542733430862427,0.7834302186965942
127,0.7524977326393127,1.999460220336914,1e-04,0.7524977326393127,0.792151153087616,1.9486956596374512,0.792151153087616
128,0.747956395149231,2.0012524127960205,1e-04,0.747956395149231,0.7888808250427246,1.9508819580078125,0.7888808250427246
129,0.7460490465164185,2.005328893661499,1e-04,0.7460490465164185,0.7877907156944275,1.9491263628005981,0.7877907156944275
130,0.7438691854476929,2.008894681930542,1e-04,0.7438691854476929,0.7830668687820435,1.955452799797058,0.7830668687820435
131,0.747593104839325,2.008706569671631,1e-04,0.747593104839325,0.7852470874786377,1.9504024982452393,0.7852470874786377
132,0.7504995465278625,2.0034539699554443,1e-04,0.7504995465278625,0.7881540656089783,1.9528928995132446,0.7881540656089783
133,0.7540417909622192,1.9955668449401855,1e-04,0.7540417909622192,0.7892441749572754,1.9492285251617432,0.7892441749572754
134,0.752406895160675,1.9995676279067993,1e-04,0.752406895160675,0.7874273061752319,1.9537909030914307,0.7874273061752319
135,0.7457765936851501,2.0007145404815674,1e-04,0.7457765936851501,0.7906976938247681,1.9466723203659058,0.7906976938247681
136,0.7512261867523193,1.9973678588867188,1e-04,0.7512261867523193,0.7867006063461304,1.9515663385391235,0.7867006063461304
137,0.7568573951721191,1.991172432899475,1e-04,0.7568573951721191,0.7867006063461304,1.9479714632034302,0.7867006063461304
138,0.7488646507263184,2.000836133956909,1e-04,0.7488646507263184,0.7925145626068115,1.946845293045044,0.7925145626068115
139,0.7486830353736877,2.0043704509735107,1e-04,0.7486830353736877,0.792151153087616,1.946626901626587,0.792151153087616
140,0.7534059882164001,1.9982106685638428,1e-04,0.7534059882164001,0.7801598906517029,1.957354187965393,0.7801598906517029
141,0.7473205924034119,2.0008652210235596,1e-04,0.7473205924034119,0.7888808250427246,1.9521353244781494,0.7888808250427246
142,0.7514986395835876,1.9972971677780151,1e-04,0.7514986395835876,0.789607584476471,1.9470303058624268,0.789607584476471
143,0.7518619298934937,1.9970102310180664,1e-04,0.7518619298934937,0.7870639562606812,1.9474895000457764,0.7870639562606812
144,0.751771092414856,1.997289776802063,1e-04,0.751771092414856,0.788517415523529,1.9506791830062866,0.788517415523529
145,0.7497729063034058,1.9983285665512085,1e-04,0.7497729063034058,0.7910610437393188,1.9573317766189575,0.7910610437393188
146,0.7532243132591248,1.9974809885025024,1e-04,0.7532243132591248,0.7841569781303406,1.9674986600875854,0.7841569781303406
147,0.7506812214851379,1.993412971496582,1e-04,0.7506812214851379,0.7936046719551086,1.9419373273849487,0.7936046719551086
148,0.7561308145523071,1.9921107292175293,1e-04,0.7561308145523071,0.7892441749572754,1.9443769454956055,0.7892441749572754
149,0.7504087090492249,1.9943426847457886,1e-04,0.7504087090492249,0.7888808250427246,1.9458047151565552,0.7888808250427246
150,0.752406895160675,1.993583083152771,1e-04,0.752406895160675,0.7903342843055725,1.9479743242263794,0.7903342843055725
151,0.7579473257064819,1.9900338649749756,1e-04,0.7579473257064819,0.7928779125213623,1.938990592956543,0.7928779125213623
152,0.7535876631736755,1.9916220903396606,1e-04,0.7535876631736755,0.7892441749572754,1.9523890018463135,0.7892441749572754
153,0.7544959187507629,1.9876800775527954,1e-04,0.7544959187507629,0.789607584476471,1.9459846019744873,0.789607584476471
154,0.7617620229721069,1.9892116785049438,1e-04,0.7617620229721069,0.7914243936538696,1.9504687786102295,0.7914243936538696
155,0.755131721496582,1.9912378787994385,1e-04,0.755131721496582,0.789607584476471,1.946118950843811,0.789607584476471
156,0.7567665576934814,1.990925908088684,1e-04,0.7567665576934814,0.7932412624359131,1.940558910369873,0.7932412624359131
157,0.7530426979064941,1.9859213829040527,1e-04,0.7530426979064941,0.7928779125213623,1.9438130855560303,0.7928779125213623
158,0.7622161507606506,1.9814692735671997,1e-04,0.7622161507606506,0.7903342843055725,1.940123438835144,0.7903342843055725
159,0.7554041743278503,1.985041856765747,1e-04,0.7554041743278503,0.7903342843055725,1.9451017379760742,0.7903342843055725
160,0.7592188715934753,1.9822932481765747,1e-04,0.7592188715934753,0.78125,1.9459080696105957,0.78125
161,0.758673906326294,1.9820948839187622,1e-04,0.758673906326294,0.7881540656089783,1.9454649686813354,0.7881540656089783
162,0.755222499370575,1.9835680723190308,1e-04,0.755222499370575,0.7772529125213623,1.9554026126861572,0.7772529125213623
163,0.7533151507377625,1.9894013404846191,1e-04,0.7533151507377625,0.7928779125213623,1.9366259574890137,0.7928779125213623
164,0.7568573951721191,1.986474871635437,1e-04,0.7568573951721191,0.788517415523529,1.9535497426986694,0.788517415523529
165,0.7555858492851257,1.9837746620178223,1e-04,0.7555858492851257,0.7925145626068115,1.9417710304260254,0.7925145626068115
166,0.7592188715934753,1.9807239770889282,1e-04,0.7592188715934753,0.7932412624359131,1.9395084381103516,0.7932412624359131
167,0.7574931979179382,1.9824188947677612,1e-04,0.7574931979179382,0.7914243936538696,1.9370590448379517,0.7914243936538696
168,0.755858302116394,1.9864197969436646,1e-04,0.755858302116394,0.7957848906517029,1.9314706325531006,0.7957848906517029
169,0.7603996396064758,1.9788368940353394,1e-04,0.7603996396064758,0.7932412624359131,1.933387041091919,0.7932412624359131
170,0.7559491395950317,1.9797099828720093,1e-04,0.7559491395950317,0.7906976938247681,1.944782018661499,0.7906976938247681
171,0.7561308145523071,1.9883809089660645,1e-04,0.7561308145523071,0.7939680218696594,1.932517647743225,0.7939680218696594
172,0.7574023604393005,1.9842692613601685,1e-04,0.7574023604393005,0.789607584476471,1.9395191669464111,0.789607584476471
173,0.758673906326294,1.980957269668579,1e-04,0.758673906326294,0.7979651093482971,1.9399843215942383,0.7979651093482971
174,0.7566835284233093,1.983028531074524,1e-04,0.7566835284233093,0.7925145626068115,1.9320693016052246,0.7925145626068115
175,0.7622161507606506,1.9776909351348877,1e-04,0.7622161507606506,0.7910610437393188,1.929444432258606,0.7910610437393188
176,0.7564032673835754,1.9814035892486572,1e-04,0.7564032673835754,0.7936046719551086,1.9355218410491943,0.7936046719551086
177,0.7633060812950134,1.97675621509552,1e-04,0.7633060812950134,0.7877907156944275,1.9373571872711182,0.7877907156944275
178,0.7633060812950134,1.9783939123153687,1e-04,0.7633060812950134,0.7950581312179565,1.9367225170135498,0.7950581312179565
179,0.7580381631851196,1.9732595682144165,1e-04,0.7580381631851196,0.7939680218696594,1.9275840520858765,0.7939680218696594
180,0.7612170577049255,1.979873776435852,1e-04,0.7612170577049255,0.7954215407371521,1.9296035766601562,0.7954215407371521
181,0.7646684646606445,1.9713681936264038,1e-04,0.7646684646606445,0.7936046719551086,1.9288082122802734,0.7936046719551086
182,0.7632152438163757,1.9750241041183472,1e-04,0.7632152438163757,0.7928779125213623,1.926611065864563,0.7928779125213623
183,0.76203453540802,1.9768455028533936,1e-04,0.76203453540802,0.7979651093482971,1.9326815605163574,0.7979651093482971
184,0.7582197785377502,1.9748502969741821,1e-04,0.7582197785377502,0.7957848906517029,1.9233580827713013,0.7957848906517029
185,0.7634877562522888,1.9691466093063354,1e-04,0.7634877562522888,0.7990552186965942,1.9258500337600708,0.7990552186965942
186,0.7602179646492004,1.978851556777954,1e-04,0.7602179646492004,0.7936046719551086,1.926313042640686,0.7936046719551086
187,0.7549500465393066,1.9752020835876465,1e-04,0.7549500465393066,0.7954215407371521,1.9217569828033447,0.7954215407371521
188,0.7633969187736511,1.9677960872650146,1e-04,0.7633969187736511,0.7943313717842102,1.9287890195846558,0.7943313717842102
189,0.7617620229721069,1.9732670783996582,1e-04,0.7617620229721069,0.7943313717842102,1.9219666719436646,0.7943313717842102
190,0.7550408840179443,1.976999044418335,1e-04,0.7550408840179443,0.7997819781303406,1.932619333267212,0.7997819781303406
191,0.7614895701408386,1.968186378479004,1e-04,0.7614895701408386,0.7914243936538696,1.928198218345642,0.7914243936538696
192,0.7636693716049194,1.975496530532837,1e-04,0.7636693716049194,0.8008720874786377,1.9218920469284058,0.8008720874786377
193,0.7646684646606445,1.9672198295593262,1e-04,0.7646684646606445,0.7957848906517029,1.9211738109588623,0.7957848906517029
194,0.7668483257293701,1.9645929336547852,1e-04,0.7668483257293701,0.7961482405662537,1.9246829748153687,0.7961482405662537
195,0.7595822215080261,1.9738669395446777,1e-04,0.7595822215080261,0.8019621968269348,1.9179542064666748,0.8019621968269348
196,0.7594913840293884,1.9715429544448853,1e-04,0.7594913840293884,0.7936046719551086,1.9318416118621826,0.7936046719551086
197,0.7643960118293762,1.9622067213058472,1e-04,0.7643960118293762,0.7994186282157898,1.9160752296447754,0.7994186282157898
198,0.7666666507720947,1.9656755924224854,1e-04,0.7666666507720947,0.7881540656089783,1.9327113628387451,0.7881540656089783
199,0.7616711854934692,1.9651366472244263,1e-04,0.7616711854934692,0.7877907156944275,1.953606367111206,0.7877907156944275
200,0.7626702785491943,1.9671573638916016,1e-04,0.7626702785491943,0.7990552186965942,1.9166268110275269,0.7990552186965942
201,0.7680290937423706,1.9621801376342773,1e-04,0.7680290937423706,0.8012354373931885,1.9171699285507202,0.8012354373931885
202,0.7642143368721008,1.9647642374038696,1e-04,0.7642143368721008,0.8030523061752319,1.918320894241333,0.8030523061752319
203,0.7646684646606445,1.963164210319519,1e-04,0.7646684646606445,0.8023256063461304,1.916983723640442,0.8023256063461304
204,0.7677565813064575,1.9619405269622803,1e-04,0.7677565813064575,0.7954215407371521,1.9216792583465576,0.7954215407371521
205,0.7653951048851013,1.9655407667160034,1e-04,0.7653951048851013,0.8012354373931885,1.9160816669464111,0.8012354373931885
206,0.7634877562522888,1.9666122198104858,1e-04,0.7634877562522888,0.7979651093482971,1.926438570022583,0.7979651093482971
207,0.7651225924491882,1.9626333713531494,1e-04,0.7651225924491882,0.7888808250427246,1.9250949621200562,0.7888808250427246
208,0.7674841284751892,1.9679526090621948,1e-04,0.7674841284751892,0.8001453280448914,1.9146584272384644,0.8001453280448914
209,0.763124406337738,1.9646576642990112,1e-04,0.763124406337738,0.7914243936538696,1.9259873628616333,0.7914243936538696
210,0.7660309076309204,1.9643951654434204,1e-04,0.7660309076309204,0.8001453280448914,1.9216300249099731,0.8001453280448914
211,0.7644868493080139,1.962114691734314,1e-04,0.7644868493080139,0.8070493936538696,1.9180138111114502,0.8070493936538696
212,0.766575813293457,1.959771990776062,1e-04,0.766575813293457,0.8001453280448914,1.911603569984436,0.8001453280448914
213,0.7682107090950012,1.957456111907959,1e-04,0.7682107090950012,0.7990552186965942,1.912975549697876,0.7990552186965942
214,0.7649409770965576,1.9627220630645752,1e-04,0.7649409770965576,0.7997819781303406,1.9135596752166748,0.7997819781303406
215,0.7657583951950073,1.9636508226394653,1e-04,0.7657583951950073,0.8026889562606812,1.910579800605774,0.8026889562606812
216,0.7641234993934631,1.9724637269973755,1e-04,0.7641234993934631,0.8019621968269348,1.9109537601470947,0.8019621968269348
217,0.7697547674179077,1.9572739601135254,1e-04,0.7697547674179077,0.801598846912384,1.9115774631500244,0.801598846912384
218,0.7619436979293823,1.9638309478759766,1e-04,0.7619436979293823,0.8023256063461304,1.9104149341583252,0.8023256063461304
219,0.765485942363739,1.9579176902770996,1e-04,0.765485942363739,0.7994186282157898,1.9143797159194946,0.7994186282157898
220,0.7645776271820068,1.9675368070602417,1e-04,0.7645776271820068,0.7986918687820435,1.9134700298309326,0.7986918687820435
221,0.7679382562637329,1.9495190382003784,1e-04,0.7679382562637329,0.7946947813034058,1.9157977104187012,0.7946947813034058
222,0.7683923840522766,1.9586104154586792,1e-04,0.7683923840522766,0.8012354373931885,1.912792444229126,0.8012354373931885
223,0.7653951048851013,1.9526729583740234,1e-04,0.7653951048851013,0.7972383499145508,1.914912223815918,0.7972383499145508
224,0.7686648368835449,1.9607329368591309,1e-04,0.7686648368835449,0.7997819781303406,1.9090180397033691,0.7997819781303406
225,0.7643960118293762,1.9568666219711304,1e-04,0.7643960118293762,0.8019621968269348,1.9129525423049927,0.8019621968269348
226,0.7706630229949951,1.9546550512313843,1e-04,0.7706630229949951,0.804142415523529,1.914373517036438,0.804142415523529
227,0.7699364423751831,1.9581378698349,1e-04,0.7699364423751831,0.796875,1.9279733896255493,0.796875
228,0.7717529535293579,1.9507895708084106,1e-04,0.7717529535293579,0.8012354373931885,1.9155778884887695,0.8012354373931885
229,0.7655767202377319,1.9596589803695679,1e-04,0.7655767202377319,0.8048691749572754,1.9103306531906128,0.8048691749572754
230,0.7705721855163574,1.9520460367202759,1e-04,0.7705721855163574,0.8012354373931885,1.9054129123687744,0.8012354373931885
231,0.7711171507835388,1.9490690231323242,1e-04,0.7711171507835388,0.801598846912384,1.9191826581954956,0.801598846912384
232,0.7704814076423645,1.9511817693710327,1e-04,0.7704814076423645,0.8037790656089783,1.9030548334121704,0.8037790656089783
233,0.766212522983551,1.9545562267303467,1e-04,0.766212522983551,0.796875,1.9179435968399048,0.796875
234,0.766575813293457,1.9560190439224243,1e-04,0.766575813293457,0.8030523061752319,1.9097667932510376,0.8030523061752319
235,0.7710263133049011,1.951738953590393,1e-04,0.7710263133049011,0.8008720874786377,1.906467318534851,0.8008720874786377
236,0.7712079882621765,1.951810359954834,1e-04,0.7712079882621765,0.7997819781303406,1.9191211462020874,0.7997819781303406
237,0.7803815007209778,1.9415059089660645,1e-04,0.7803815007209778,0.8008720874786377,1.9172697067260742,0.8008720874786377
238,0.7684832215309143,1.9581236839294434,1e-04,0.7684832215309143,0.807776153087616,1.9138861894607544,0.807776153087616
239,0.7659400701522827,1.9561623334884644,1e-04,0.7659400701522827,0.7979651093482971,1.900808334350586,0.7979651093482971
240,0.7760217785835266,1.9420615434646606,1e-04,0.7760217785835266,0.8037790656089783,1.90000581741333,0.8037790656089783
241,0.773478627204895,1.9488964080810547,1e-04,0.773478627204895,0.8030523061752319,1.9013170003890991,0.8030523061752319
242,0.7744777202606201,1.9444340467453003,1e-04,0.7744777202606201,0.8055959343910217,1.9029297828674316,0.8055959343910217
243,0.7729337215423584,1.942954421043396,1e-04,0.7729337215423584,0.8034157156944275,1.9046993255615234,0.8034157156944275
244,0.7750226855278015,1.9386903047561646,1e-04,0.7750226855278015,0.8055959343910217,1.9187440872192383,0.8055959343910217
245,0.7741144299507141,1.9454412460327148,1e-04,0.7741144299507141,0.8081395626068115,1.9073182344436646,0.8081395626068115
246,0.7738419771194458,1.942389965057373,1e-04,0.7738419771194458,0.8117732405662537,1.8962137699127197,0.8117732405662537
247,0.7757493257522583,1.9434499740600586,1e-04,0.7757493257522583,0.8081395626068115,1.900708794593811,0.8081395626068115
248,0.7701180577278137,1.9440205097198486,1e-04,0.7701180577278137,0.801598846912384,1.9080580472946167,0.801598846912384
249,0.7793824076652527,1.9401602745056152,1e-04,0.7793824076652527,0.8045058250427246,1.9020792245864868,0.8045058250427246
250,0.7716621160507202,1.9467887878417969,1e-04,0.7716621160507202,0.8023256063461304,1.9016448259353638,0.8023256063461304
251,0.7770208716392517,1.934569239616394,1e-04,0.7770208716392517,0.8074128031730652,1.9010645151138306,0.8074128031730652
252,0.7710263133049011,1.9423174858093262,1e-04,0.7710263133049011,0.8063226938247681,1.9078731536865234,0.8063226938247681
253,0.7742961049079895,1.9363322257995605,1e-04,0.7742961049079895,0.8048691749572754,1.9060091972351074,0.8048691749572754
254,0.7744777202606201,1.9433529376983643,1e-04,0.7744777202606201,0.8059592843055725,1.895952582359314,0.8059592843055725
255,0.7728428840637207,1.9416970014572144,1e-04,0.7728428840637207,0.8030523061752319,1.8959425687789917,0.8030523061752319
256,0.780018150806427,1.9300481081008911,1e-04,0.780018150806427,0.8110465407371521,1.9088255167007446,0.8110465407371521
257,0.7732061743736267,1.945924162864685,1e-04,0.7732061743736267,0.8001453280448914,1.9006550312042236,0.8001453280448914
258,0.7750226855278015,1.9380168914794922,1e-04,0.7750226855278015,0.8023256063461304,1.9051029682159424,0.8023256063461304
259,0.7807447910308838,1.931623101234436,1e-04,0.7807447910308838,0.804142415523529,1.8943673372268677,0.804142415523529
260,0.7802906632423401,1.9308596849441528,1e-04,0.7802906632423401,0.8074128031730652,1.8899215459823608,0.8074128031730652
261,0.776566743850708,1.939447283744812,1e-04,0.776566743850708,0.8012354373931885,1.908154845237732,0.8012354373931885
262,0.7732970118522644,1.9390079975128174,1e-04,0.7732970118522644,0.8034157156944275,1.8992559909820557,0.8034157156944275
263,0.7801998257637024,1.9359222650527954,1e-04,0.7801998257637024,0.8019621968269348,1.9168999195098877,0.8019621968269348
264,0.7788374423980713,1.9360578060150146,1e-04,0.7788374423980713,0.7946947813034058,1.9335002899169922,0.7946947813034058
265,0.779291570186615,1.9285894632339478,1e-04,0.779291570186615,0.8059592843055725,1.9062700271606445,0.8059592843055725
266,0.7763851284980774,1.935477375984192,1e-04,0.7763851284980774,0.8099563717842102,1.894326090812683,0.8099563717842102
267,0.7748410701751709,1.931162714958191,1e-04,0.7748410701751709,0.8085029125213623,1.8920323848724365,0.8085029125213623
268,0.7713896632194519,1.941996455192566,1e-04,0.7713896632194519,0.8074128031730652,1.899301528930664,0.8074128031730652
269,0.7735694646835327,1.935248851776123,1e-04,0.7735694646835327,0.8063226938247681,1.8991659879684448,0.8063226938247681
270,0.7704814076423645,1.9432997703552246,1e-04,0.7704814076423645,0.8026889562606812,1.9102587699890137,0.8026889562606812
271,0.7803815007209778,1.9288530349731445,1e-04,0.7803815007209778,0.8110465407371521,1.8977102041244507,0.8110465407371521
272,0.7721162438392639,1.941002368927002,1e-04,0.7721162438392639,0.8125,1.887204885482788,0.8125
273,0.7733878493309021,1.939302921295166,1e-04,0.7733878493309021,0.8103197813034058,1.8932948112487793,0.8103197813034058
274,0.7782016396522522,1.9273377656936646,1e-04,0.7782016396522522,0.8106831312179565,1.9058399200439453,0.8106831312179565
275,0.7817438840866089,1.9281989336013794,1e-04,0.7817438840866089,0.8103197813034058,1.891918420791626,0.8103197813034058
276,0.7735694646835327,1.9434971809387207,1e-04,0.7735694646835327,0.8099563717842102,1.8924705982208252,0.8099563717842102
277,0.7824704647064209,1.9261075258255005,1e-04,0.7824704647064209,0.8081395626068115,1.8992706537246704,0.8081395626068115
278,0.7807447910308838,1.92416512966156,1e-04,0.7807447910308838,0.8063226938247681,1.899670124053955,0.8063226938247681
279,0.7833787202835083,1.9261904954910278,1e-04,0.7833787202835083,0.8106831312179565,1.8887146711349487,0.8106831312179565
280,0.7835603952407837,1.9258779287338257,1e-04,0.7835603952407837,0.8106831312179565,1.8991405963897705,0.8106831312179565
281,0.779291570186615,1.9293930530548096,1e-04,0.779291570186615,0.8106831312179565,1.8868986368179321,0.8106831312179565
282,0.7828338146209717,1.9292631149291992,1e-04,0.7828338146209717,0.8074128031730652,1.8884937763214111,0.8074128031730652
283,0.7818347215652466,1.9238133430480957,1e-04,0.7818347215652466,0.8081395626068115,1.894096851348877,0.8081395626068115
284,0.780018150806427,1.9284796714782715,1e-04,0.780018150806427,0.8103197813034058,1.8881028890609741,0.8103197813034058
285,0.7862852215766907,1.9243056774139404,1e-04,0.7862852215766907,0.8070493936538696,1.9030870199203491,0.8070493936538696
286,0.7798365354537964,1.9187828302383423,1e-04,0.7798365354537964,0.8106831312179565,1.8842072486877441,0.8106831312179565
287,0.7780199646949768,1.9282068014144897,1e-04,0.7780199646949768,0.8048691749572754,1.894086480140686,0.8048691749572754
288,0.7793824076652527,1.9275741577148438,1e-04,0.7793824076652527,0.8106831312179565,1.8906292915344238,0.8106831312179565
289,0.7752043604850769,1.9349654912948608,1e-04,0.7752043604850769,0.8146802186965942,1.881920337677002,0.8146802186965942
290,0.7793824076652527,1.932521939277649,1e-04,0.7793824076652527,0.7950581312179565,1.923999547958374,0.7950581312179565
291,0.7808356285095215,1.9241585731506348,1e-04,0.7808356285095215,0.8194040656089783,1.879828929901123,0.8194040656089783
292,0.7849227786064148,1.9215154647827148,1e-04,0.7849227786064148,0.8154069781303406,1.8757447004318237,0.8154069781303406
293,0.7810172438621521,1.9203431606292725,1e-04,0.7810172438621521,0.8135901093482971,1.879777193069458,0.8135901093482971
294,0.7862852215766907,1.9185174703598022,1e-04,0.7862852215766907,0.8143168687820435,1.8807947635650635,0.8143168687820435
295,0.7918255925178528,1.9151109457015991,1e-04,0.7918255925178528,0.8070493936538696,1.89911687374115,0.8070493936538696
296,0.7841961979866028,1.9174737930297852,1e-04,0.7841961979866028,0.8070493936538696,1.8883264064788818,0.8070493936538696
297,0.7790190577507019,1.9204001426696777,1e-04,0.7790190577507019,0.8194040656089783,1.887737512588501,0.8194040656089783
298,0.7852861285209656,1.911939024925232,1e-04,0.7852861285209656,0.8139534592628479,1.8854562044143677,0.8139534592628479
299,0.7849227786064148,1.9181239604949951,1e-04,0.7849227786064148,0.8132267594337463,1.8787504434585571,0.8132267594337463
300,0.7839236855506897,1.9186440706253052,1e-04,0.7839236855506897,0.8164970874786377,1.8755637407302856,0.8164970874786377
301,0.7810172438621521,1.9223231077194214,1e-04,0.7810172438621521,0.8125,1.878134846687317,0.8125
302,0.780018150806427,1.9207229614257812,1e-04,0.780018150806427,0.8121366500854492,1.8793102502822876,0.8121366500854492
303,0.7801089882850647,1.9214178323745728,1e-04,0.7801089882850647,0.8168604373931885,1.8746272325515747,0.8168604373931885
304,0.7878292202949524,1.9152846336364746,1e-04,0.7878292202949524,0.8226743936538696,1.8726807832717896,0.8226743936538696
305,0.7900999188423157,1.914446234703064,1e-04,0.7900999188423157,0.8186773061752319,1.8815715312957764,0.8186773061752319
306,0.7821980118751526,1.9150547981262207,1e-04,0.7821980118751526,0.819767415523529,1.8726863861083984,0.819767415523529
307,0.789645791053772,1.907340407371521,1e-04,0.789645791053772,0.820857584476471,1.8764252662658691,0.820857584476471
308,0.7831971049308777,1.9228345155715942,1e-04,0.7831971049308777,0.8121366500854492,1.8769844770431519,0.8121366500854492
309,0.7845594882965088,1.91739022731781,1e-04,0.7845594882965088,0.8121366500854492,1.875794529914856,0.8121366500854492
310,0.7844686508178711,1.9188768863677979,1e-04,0.7844686508178711,0.8219476938247681,1.8773541450500488,0.8219476938247681
311,0.7833787202835083,1.919188141822815,1e-04,0.7833787202835083,0.8212209343910217,1.8761411905288696,0.8212209343910217
312,0.7860127091407776,1.9142924547195435,1e-04,0.7860127091407776,0.8106831312179565,1.8971298933029175,0.8106831312179565
313,0.7862852215766907,1.913565754890442,1e-04,0.7862852215766907,0.8146802186965942,1.887235403060913,0.8146802186965942
314,0.7851952910423279,1.910790205001831,1e-04,0.7851952910423279,0.8204941749572754,1.8823826313018799,0.8204941749572754
315,0.7844686508178711,1.9170297384262085,1e-04,0.7844686508178711,0.820857584476471,1.8727577924728394,0.820857584476471
316,0.7833787202835083,1.910377860069275,1e-04,0.7833787202835083,0.8194040656089783,1.871505856513977,0.8194040656089783
317,0.7875567674636841,1.9118214845657349,1e-04,0.7875567674636841,0.8125,1.8730672597885132,0.8125
318,0.7867393493652344,1.913103699684143,1e-04,0.7867393493652344,0.820857584476471,1.8634915351867676,0.820857584476471
319,0.7819254994392395,1.916764259338379,1e-04,0.7819254994392395,0.8204941749572754,1.8776440620422363,0.8204941749572754
320,0.7850136160850525,1.9106919765472412,1e-04,0.7850136160850525,0.817223846912384,1.8708622455596924,0.817223846912384
321,0.7818347215652466,1.9091050624847412,1e-04,0.7818347215652466,0.8201308250427246,1.8689236640930176,0.8201308250427246
322,0.7830154299736023,1.9122453927993774,1e-04,0.7830154299736023,0.8106831312179565,1.8880550861358643,0.8106831312179565
323,0.7871934771537781,1.9072744846343994,1e-04,0.7871934771537781,0.8121366500854492,1.8943681716918945,0.8121366500854492
324,0.7890099883079529,1.909227728843689,1e-04,0.7890099883079529,0.8095930218696594,1.8910555839538574,0.8095930218696594
325,0.7849227786064148,1.9141052961349487,1e-04,0.7849227786064148,0.8037790656089783,1.9096693992614746,0.8037790656089783
326,0.78310626745224,1.9077932834625244,1e-04,0.78310626745224,0.817223846912384,1.8762940168380737,0.817223846912384
327,0.7844686508178711,1.9087425470352173,1e-04,0.7844686508178711,0.8070493936538696,1.9111778736114502,0.8070493936538696
328,0.7920072674751282,1.9053117036819458,1e-04,0.7920072674751282,0.8150436282157898,1.8861098289489746,0.8150436282157898
329,0.7881925702095032,1.9036660194396973,1e-04,0.7881925702095032,0.8179506063461304,1.8726632595062256,0.8179506063461304
330,0.7891008257865906,1.9019672870635986,1e-04,0.7891008257865906,0.8081395626068115,1.8960094451904297,0.8081395626068115
331,0.7873750925064087,1.9042671918869019,1e-04,0.7873750925064087,0.8143168687820435,1.877944827079773,0.8143168687820435
332,0.7875567674636841,1.9006152153015137,1e-04,0.7875567674636841,0.8215842843055725,1.8696235418319702,0.8215842843055725
333,0.7910990118980408,1.9064273834228516,1e-04,0.7910990118980408,0.817223846912384,1.8720409870147705,0.817223846912384
334,0.7819254994392395,1.9099774360656738,1e-04,0.7819254994392395,0.8135901093482971,1.8826485872268677,0.8135901093482971
335,0.7848320007324219,1.91439688205719,1e-04,0.7848320007324219,0.8070493936538696,1.8926661014556885,0.8070493936538696
336,0.7909173369407654,1.9114398956298828,1e-04,0.7909173369407654,0.8070493936538696,1.8934723138809204,0.8070493936538696
337,0.7902815341949463,1.899535894393921,1e-04,0.7902815341949463,0.8117732405662537,1.8800394535064697,0.8117732405662537
338,0.7891008257865906,1.9065760374069214,1e-04,0.7891008257865906,0.8026889562606812,1.8955925703048706,0.8026889562606812
339,0.7844686508178711,1.9101399183273315,1e-04,0.7844686508178711,0.7870639562606812,1.9158644676208496,0.7870639562606812
340,0.7909173369407654,1.9030625820159912,1e-04,0.7909173369407654,0.8143168687820435,1.8743398189544678,0.8143168687820435
341,0.7926430702209473,1.894760251045227,1e-04,0.7926430702209473,0.8157703280448914,1.8660030364990234,0.8157703280448914
342,0.7880108952522278,1.9016262292861938,1e-04,0.7880108952522278,0.8106831312179565,1.9074687957763672,0.8106831312179565
343,0.7835603952407837,1.911769151687622,1e-04,0.7835603952407837,0.8248546719551086,1.863401174545288,0.8248546719551086
344,0.7939146161079407,1.8910610675811768,1e-04,0.7939146161079407,0.8230378031730652,1.8587409257888794,0.8230378031730652
345,0.7945504188537598,1.8922710418701172,1e-04,0.7945504188537598,0.823401153087616,1.8578190803527832,0.823401153087616
346,0.7886466979980469,1.9017363786697388,1e-04,0.7886466979980469,0.8114098906517029,1.8633074760437012,0.8114098906517029
347,0.7898274064064026,1.8981504440307617,1e-04,0.7898274064064026,0.8270348906517029,1.8637676239013672,0.8270348906517029
348,0.7941654920578003,1.895082712173462,1e-04,0.7941654920578003,0.8146802186965942,1.8609089851379395,0.8146802186965942
349,0.7900999188423157,1.9000725746154785,1e-04,0.7900999188423157,0.8161337375640869,1.8894555568695068,0.8161337375640869
350,0.7895549535751343,1.9011601209640503,1e-04,0.7895549535751343,0.8226743936538696,1.8642361164093018,0.8226743936538696
351,0.7926430702209473,1.8886250257492065,1e-04,0.7926430702209473,0.8183139562606812,1.8596078157424927,0.8183139562606812
352,0.7959128022193909,1.8946603536605835,1e-04,0.7959128022193909,0.8132267594337463,1.8878096342086792,0.8132267594337463
353,0.7905540466308594,1.8937041759490967,1e-04,0.7905540466308594,0.8244912624359131,1.8608394861221313,0.8244912624359131
354,0.7944595813751221,1.891417384147644,1e-04,0.7944595813751221,0.823401153087616,1.8563122749328613,0.823401153087616
355,0.7920981049537659,1.8912932872772217,1e-04,0.7920981049537659,0.8219476938247681,1.8699995279312134,0.8219476938247681
356,0.793460488319397,1.8938381671905518,1e-04,0.793460488319397,0.8226743936538696,1.8498622179031372,0.8226743936538696
357,0.786920964717865,1.906908631324768,1e-04,0.786920964717865,0.8244912624359131,1.8701832294464111,0.8244912624359131
358,0.7948228716850281,1.8917105197906494,1e-04,0.7948228716850281,0.8204941749572754,1.8541300296783447,0.8204941749572754
359,0.7994550466537476,1.8852323293685913,1e-04,0.7994550466537476,0.8201308250427246,1.8499494791030884,0.8201308250427246
360,0.7891008257865906,1.9010295867919922,1e-04,0.7891008257865906,0.8237645626068115,1.8543493747711182,0.8237645626068115
361,0.7948228716850281,1.8960374593734741,1e-04,0.7948228716850281,0.8175871968269348,1.8513041734695435,0.8175871968269348
362,0.7818347215652466,1.9303184747695923,1e-04,0.7818347215652466,0.8295784592628479,1.84694242477417,0.8295784592628479
363,0.7898274064064026,1.8949867486953735,1e-04,0.7898274064064026,0.8270348906517029,1.8522263765335083,0.8270348906517029
364,0.7993642091751099,1.8898200988769531,1e-04,0.7993642091751099,0.8183139562606812,1.8699824810028076,0.8183139562606812
365,0.7926430702209473,1.8905261754989624,1e-04,0.7926430702209473,0.828125,1.8482030630111694,0.828125
366,0.7943687438964844,1.8913414478302002,1e-04,0.7943687438964844,0.8248546719551086,1.8537873029708862,0.8248546719551086
367,0.790372371673584,1.8955891132354736,1e-04,0.790372371673584,0.8252180218696594,1.855148434638977,0.8252180218696594
368,0.8002724647521973,1.8891366720199585,1e-04,0.8002724647521973,0.8244912624359131,1.8463948965072632,0.8244912624359131
369,0.7910081744194031,1.891524076461792,1e-04,0.7910081744194031,0.8204941749572754,1.8614516258239746,0.8204941749572754
370,0.7946412563323975,1.888989806175232,1e-04,0.7946412563323975,0.8201308250427246,1.8797519207000732,0.8201308250427246
371,0.7994550466537476,1.8833379745483398,1e-04,0.7994550466537476,0.8284883499145508,1.8395127058029175,0.8284883499145508
372,0.7990009188652039,1.8830912113189697,1e-04,0.7990009188652039,0.8255813717842102,1.852933645248413,0.8255813717842102
373,0.7983651161193848,1.8891549110412598,1e-04,0.7983651161193848,0.8255813717842102,1.8532557487487793,0.8255813717842102
374,0.8023614883422852,1.88584566116333,1e-04,0.8023614883422852,0.8179506063461304,1.8689426183700562,0.8179506063461304
375,0.7962760925292969,1.8884527683258057,1e-04,0.7962760925292969,0.8303052186965942,1.8433223962783813,0.8303052186965942
376,0.8009082674980164,1.87839674949646,1e-04,0.8009082674980164,0.8241279125213623,1.8480421304702759,0.8241279125213623
377,0.7977293133735657,1.8822604417800903,1e-04,0.7977293133735657,0.8230378031730652,1.8505233526229858,0.8230378031730652
378,0.7851044535636902,1.901916742324829,1e-04,0.7851044535636902,0.8063226938247681,1.8684720993041992,0.8063226938247681
379,0.7959128022193909,1.8864171504974365,1e-04,0.7959128022193909,0.8277616500854492,1.8419026136398315,0.8277616500854492
380,0.7989100813865662,1.8782023191452026,1e-04,0.7989100813865662,0.8168604373931885,1.8509970903396606,0.8168604373931885
381,0.7945504188537598,1.8831098079681396,1e-04,0.7945504188537598,0.8263081312179565,1.853838324546814,0.8263081312179565
382,0.7975476980209351,1.88191819190979,1e-04,0.7975476980209351,0.8212209343910217,1.8543977737426758,0.8212209343910217
383,0.8000908493995667,1.883715271949768,1e-04,0.8000908493995667,0.8034157156944275,1.8919544219970703,0.8034157156944275
384,0.7993642091751099,1.8801600933074951,1e-04,0.7993642091751099,0.820857584476471,1.8602982759475708,0.820857584476471
385,0.800726592540741,1.877717137336731,1e-04,0.800726592540741,0.8074128031730652,1.8658195734024048,0.8074128031730652
386,0.8017256855964661,1.880096435546875,1e-04,0.8017256855964661,0.8339389562606812,1.8465605974197388,0.8339389562606812
387,0.7981834411621094,1.8800760507583618,1e-04,0.7981834411621094,0.8103197813034058,1.8618345260620117,0.8103197813034058
388,0.7851952910423279,1.9037959575653076,1e-04,0.7851952910423279,0.8324854373931885,1.8478952646255493,0.8324854373931885
389,0.7881925702095032,1.8964890241622925,1e-04,0.7881925702095032,0.8212209343910217,1.851911187171936,0.8212209343910217
390,0.7963669300079346,1.8869742155075073,1e-04,0.7963669300079346,0.8168604373931885,1.86955988407135,0.8168604373931885
391,0.8009082674980164,1.8815757036209106,1e-04,0.8009082674980164,0.8034157156944275,1.88642156124115,0.8034157156944275
392,0.7916439771652222,1.8804672956466675,1e-04,0.7916439771652222,0.8103197813034058,1.8667751550674438,0.8103197813034058
393,0.7985467910766602,1.8775181770324707,1e-04,0.7985467910766602,0.8186773061752319,1.8430753946304321,0.8186773061752319
394,0.803451418876648,1.8700847625732422,1e-04,0.803451418876648,0.8317587375640869,1.8362120389938354,0.8317587375640869
395,0.800363302230835,1.8765901327133179,1e-04,0.800363302230835,0.8081395626068115,1.8735395669937134,0.8081395626068115
396,0.8024523258209229,1.870259404182434,1e-04,0.8024523258209229,0.828125,1.8424004316329956,0.828125
397,0.8005449771881104,1.8814724683761597,1e-04,0.8005449771881104,0.8292151093482971,1.8392170667648315,0.8292151093482971
398,0.8000908493995667,1.87773597240448,1e-04,0.8000908493995667,0.8244912624359131,1.841662883758545,0.8244912624359131
399,0.7983651161193848,1.8793387413024902,1e-04,0.7983651161193848,0.8310319781303406,1.839392900466919,0.8310319781303406
400,0.8010899424552917,1.8687971830368042,1e-04,0.8010899424552917,0.8332121968269348,1.8404200077056885,0.8332121968269348
401,0.7975476980209351,1.885972499847412,1e-04,0.7975476980209351,0.8295784592628479,1.8454887866973877,0.8295784592628479
402,0.8014532327651978,1.877220630645752,1e-04,0.8014532327651978,0.8313953280448914,1.8376635313034058,0.8313953280448914
403,0.8012715578079224,1.8777378797531128,1e-04,0.8012715578079224,0.8335756063461304,1.8370044231414795,0.8335756063461304
404,0.7960944771766663,1.8741425275802612,1e-04,0.7960944771766663,0.8284883499145508,1.8360642194747925,0.8284883499145508
405,0.7945504188537598,1.8807780742645264,1e-04,0.7945504188537598,0.8310319781303406,1.8368414640426636,0.8310319781303406
406,0.7995458841323853,1.8788169622421265,1e-04,0.7995458841323853,0.8343023061752319,1.8394378423690796,0.8343023061752319
407,0.8039055466651917,1.8664239645004272,1e-04,0.8039055466651917,0.8317587375640869,1.8418939113616943,0.8317587375640869
408,0.7953678369522095,1.877360224723816,1e-04,0.7953678369522095,0.8295784592628479,1.836218237876892,0.8295784592628479
409,0.8027247786521912,1.8760322332382202,1e-04,0.8027247786521912,0.8277616500854492,1.837027668952942,0.8277616500854492
410,0.800999104976654,1.875211238861084,1e-04,0.800999104976654,0.8252180218696594,1.839921236038208,0.8252180218696594
411,0.7956403493881226,1.8807194232940674,1e-04,0.7956403493881226,0.8317587375640869,1.8381154537200928,0.8317587375640869
412,0.8049046397209167,1.8652511835098267,1e-04,0.8049046397209167,0.8361191749572754,1.8398127555847168,0.8361191749572754
413,0.8124432563781738,1.8633477687835693,1e-04,0.8124432563781738,0.832848846912384,1.8414576053619385,0.832848846912384
414,0.8029972910881042,1.8705799579620361,1e-04,0.8029972910881042,0.832848846912384,1.8336256742477417,0.832848846912384
415,0.8002724647521973,1.8745461702346802,1e-04,0.8002724647521973,0.8332121968269348,1.8566757440567017,0.8332121968269348
416,0.8012715578079224,1.8720401525497437,1e-04,0.8012715578079224,0.8357558250427246,1.840476155281067,0.8357558250427246
417,0.8028156161308289,1.8764290809631348,1e-04,0.8028156161308289,0.8350290656089783,1.8298914432525635,0.8350290656089783
418,0.8022706508636475,1.8652642965316772,1e-04,0.8022706508636475,0.8310319781303406,1.8426567316055298,0.8310319781303406
419,0.8004541397094727,1.8746675252914429,1e-04,0.8004541397094727,0.8317587375640869,1.8266221284866333,0.8317587375640869
420,0.8092643022537231,1.8621505498886108,1e-04,0.8092643022537231,0.8263081312179565,1.8418705463409424,0.8263081312179565
421,0.8004541397094727,1.8719943761825562,1e-04,0.8004541397094727,0.8361191749572754,1.83037269115448,0.8361191749572754
422,0.7967302203178406,1.8830957412719727,1e-04,0.7967302203178406,0.8212209343910217,1.8788353204727173,0.8212209343910217
423,0.807266116142273,1.8614890575408936,1e-04,0.807266116142273,0.8332121968269348,1.8281736373901367,0.8332121968269348
424,0.7993642091751099,1.8724501132965088,1e-04,0.7993642091751099,0.8361191749572754,1.8383744955062866,0.8361191749572754
425,0.8065395355224609,1.868449330329895,1e-04,0.8065395355224609,0.8241279125213623,1.8464064598083496,0.8241279125213623
426,0.800000011920929,1.8643869161605835,1e-04,0.800000011920929,0.8237645626068115,1.8633685111999512,0.8237645626068115
427,0.8061761856079102,1.8600441217422485,1e-04,0.8061761856079102,0.8288517594337463,1.8429557085037231,0.8288517594337463
428,0.7975476980209351,1.869103193283081,1e-04,0.7975476980209351,0.8248546719551086,1.8361388444900513,0.8248546719551086
429,0.8030881285667419,1.8677082061767578,1e-04,0.8030881285667419,0.8088662624359131,1.8664180040359497,0.8088662624359131
430,0.8045413494110107,1.854331135749817,1e-04,0.8045413494110107,0.832848846912384,1.8250027894973755,0.832848846912384
431,0.8055404424667358,1.8575108051300049,1e-04,0.8055404424667358,0.8350290656089783,1.827440857887268,0.8350290656089783
432,0.8039963841438293,1.8657392263412476,1e-04,0.8039963841438293,0.8299418687820435,1.8395236730575562,0.8299418687820435
433,0.8073569536209106,1.8564579486846924,1e-04,0.8073569536209106,0.8277616500854492,1.8244142532348633,0.8277616500854492
434,0.8088101744651794,1.8551961183547974,1e-04,0.8088101744651794,0.8303052186965942,1.8469942808151245,0.8303052186965942
435,0.8045413494110107,1.8605293035507202,1e-04,0.8045413494110107,0.839026153087616,1.8258274793624878,0.839026153087616
436,0.8055404424667358,1.8638209104537964,1e-04,0.8055404424667358,0.8266715407371521,1.8404210805892944,0.8266715407371521
437,0.8095367550849915,1.8539694547653198,1e-04,0.8095367550849915,0.8215842843055725,1.848499059677124,0.8215842843055725
438,0.8065395355224609,1.8559110164642334,1e-04,0.8065395355224609,0.8237645626068115,1.859468698501587,0.8237645626068115
439,0.8037238717079163,1.8622560501098633,1e-04,0.8037238717079163,0.8386628031730652,1.8185200691223145,0.8386628031730652
440,0.8063578605651855,1.8587638139724731,1e-04,0.8063578605651855,0.8313953280448914,1.8467156887054443,0.8313953280448914
441,0.8027247786521912,1.861041784286499,1e-04,0.8027247786521912,0.8382993936538696,1.821642279624939,0.8382993936538696
442,0.8070844411849976,1.853446125984192,1e-04,0.8070844411849976,0.836482584476471,1.8333457708358765,0.836482584476471
443,0.8087193369865417,1.8608043193817139,1e-04,0.8087193369865417,0.8401162624359131,1.8308759927749634,0.8401162624359131
444,0.8087193369865417,1.8530234098434448,1e-04,0.8087193369865417,0.832848846912384,1.8393535614013672,0.832848846912384
445,0.8130789995193481,1.8489402532577515,1e-04,0.8130789995193481,0.8372092843055725,1.8213260173797607,0.8372092843055725
446,0.8089918494224548,1.8529940843582153,1e-04,0.8089918494224548,0.8335756063461304,1.8372981548309326,0.8335756063461304
447,0.8066303133964539,1.854569911956787,1e-04,0.8066303133964539,0.8212209343910217,1.8521531820297241,0.8212209343910217
448,0.8033605813980103,1.8615723848342896,1e-04,0.8033605813980103,0.8361191749572754,1.8283571004867554,0.8361191749572754
449,0.8163487911224365,1.8471343517303467,1e-04,0.8163487911224365,0.828125,1.8346632719039917,0.828125
450,0.8093551397323608,1.8536500930786133,1e-04,0.8093551397323608,0.8292151093482971,1.8412754535675049,0.8292151093482971
451,0.8099909424781799,1.847249984741211,1e-04,0.8099909424781799,0.8386628031730652,1.8218384981155396,0.8386628031730652
452,0.8105358481407166,1.8525121212005615,1e-04,0.8105358481407166,0.8404796719551086,1.811440348625183,0.8404796719551086
453,0.8121707439422607,1.8505080938339233,1e-04,0.8121707439422607,0.8426598906517029,1.8184324502944946,0.8426598906517029
454,0.8157129883766174,1.8455525636672974,1e-04,0.8157129883766174,0.8372092843055725,1.8197580575942993,0.8372092843055725
455,0.815531313419342,1.8407374620437622,1e-04,0.815531313419342,0.8317587375640869,1.8272032737731934,0.8317587375640869
456,0.807901918888092,1.849555253982544,1e-04,0.807901918888092,0.8357558250427246,1.8238078355789185,0.8357558250427246
457,0.8112624883651733,1.8458205461502075,1e-04,0.8112624883651733,0.8310319781303406,1.8326247930526733,0.8310319781303406
458,0.8118074536323547,1.8497148752212524,1e-04,0.8118074536323547,0.8375726938247681,1.8169283866882324,0.8375726938247681
459,0.8013623952865601,1.8596999645233154,1e-04,0.8013623952865601,0.8324854373931885,1.8329002857208252,0.8324854373931885
460,0.8087193369865417,1.8494458198547363,1e-04,0.8087193369865417,0.8288517594337463,1.8345061540603638,0.8288517594337463
461,0.804813802242279,1.8583663702011108,1e-04,0.804813802242279,0.8324854373931885,1.8358901739120483,0.8324854373931885
462,0.8126248717308044,1.843713402748108,1e-04,0.8126248717308044,0.8408430218696594,1.812915563583374,0.8408430218696594
463,0.8142597675323486,1.845963954925537,1e-04,0.8142597675323486,0.8357558250427246,1.8153795003890991,0.8357558250427246
464,0.8105358481407166,1.8442704677581787,1e-04,0.8105358481407166,0.8393895626068115,1.8155689239501953,0.8393895626068115
465,0.8134423494338989,1.8394185304641724,1e-04,0.8134423494338989,0.8223110437393188,1.8545780181884766,0.8223110437393188
466,0.8102633953094482,1.845079779624939,1e-04,0.8102633953094482,0.8339389562606812,1.8243045806884766,0.8339389562606812
467,0.8100817203521729,1.846366286277771,1e-04,0.8100817203521729,0.8321220874786377,1.827649712562561,0.8321220874786377
468,0.8138056397438049,1.8426806926727295,1e-04,0.8138056397438049,0.8441133499145508,1.814357876777649,0.8441133499145508
469,0.8104450702667236,1.8501460552215576,1e-04,0.8104450702667236,0.835392415523529,1.8185479640960693,0.835392415523529
470,0.808265209197998,1.8524070978164673,1e-04,0.808265209197998,0.8321220874786377,1.829088807106018,0.8321220874786377
471,0.8115349411964417,1.851483702659607,1e-04,0.8115349411964417,0.8273982405662537,1.8355411291122437,0.8273982405662537
472,0.8080835342407227,1.8542981147766113,1e-04,0.8080835342407227,0.8045058250427246,1.855926513671875,0.8045058250427246
473,0.811353325843811,1.848602533340454,1e-04,0.811353325843811,0.8372092843055725,1.810788869857788,0.8372092843055725
474,0.8099909424781799,1.8458462953567505,1e-04,0.8099909424781799,0.8310319781303406,1.8117189407348633,0.8310319781303406
475,0.8150771856307983,1.8387043476104736,1e-04,0.8150771856307983,0.8339389562606812,1.8090885877609253,0.8339389562606812
476,0.8149863481521606,1.839705228805542,1e-04,0.8149863481521606,0.8335756063461304,1.8204007148742676,0.8335756063461304
477,0.8206176161766052,1.829550862312317,1e-04,0.8206176161766052,0.8462936282157898,1.8037348985671997,0.8462936282157898
478,0.8119891285896301,1.840965986251831,1e-04,0.8119891285896301,0.8382993936538696,1.8119667768478394,0.8382993936538696
479,0.8119891285896301,1.8434438705444336,1e-04,0.8119891285896301,0.8426598906517029,1.8026710748672485,0.8426598906517029
480,0.8101725578308105,1.844703197479248,1e-04,0.8101725578308105,0.8444767594337463,1.8035757541656494,0.8444767594337463
481,0.8140780925750732,1.8406869173049927,1e-04,0.8140780925750732,0.84375,1.8099194765090942,0.84375
482,0.8187102675437927,1.833160161972046,1e-04,0.8187102675437927,0.8502907156944275,1.8035169839859009,0.8502907156944275
483,0.8162579536437988,1.8308817148208618,1e-04,0.8162579536437988,0.8194040656089783,1.8304098844528198,0.8194040656089783
484,0.8078110814094543,1.8475908041000366,1e-04,0.8078110814094543,0.84375,1.7996894121170044,0.84375
485,0.8158038258552551,1.8357633352279663,1e-04,0.8158038258552551,0.8412063717842102,1.811293125152588,0.8412063717842102
486,0.8129882216453552,1.8477659225463867,1e-04,0.8129882216453552,0.8433866500854492,1.8083434104919434,0.8433866500854492
487,0.8083560466766357,1.85024094581604,1e-04,0.8083560466766357,0.848473846912384,1.8040623664855957,0.848473846912384
488,0.8180744647979736,1.833251953125,1e-04,0.8180744647979736,0.8462936282157898,1.7969268560409546,0.8462936282157898
489,0.8177111744880676,1.8435602188110352,1e-04,0.8177111744880676,0.8212209343910217,1.8376530408859253,0.8212209343910217
490,0.8203451633453369,1.8365578651428223,1e-04,0.8203451633453369,0.8397529125213623,1.819983720779419,0.8397529125213623
491,0.8175294995307922,1.8335460424423218,1e-04,0.8175294995307922,0.8277616500854492,1.8462456464767456,0.8277616500854492
492,0.8179836273193359,1.833996057510376,1e-04,0.8179836273193359,0.8343023061752319,1.8281654119491577,0.8343023061752319
493,0.814441442489624,1.834057331085205,1e-04,0.814441442489624,0.8375726938247681,1.8276479244232178,0.8375726938247681
494,0.8153496980667114,1.8316426277160645,1e-04,0.8153496980667114,0.8357558250427246,1.818770170211792,0.8357558250427246
495,0.8161671161651611,1.8350852727890015,1e-04,0.8161671161651611,0.8306686282157898,1.818560242652893,0.8306686282157898
496,0.8134423494338989,1.8377375602722168,1e-04,0.8134423494338989,0.8412063717842102,1.799139380455017,0.8412063717842102
497,0.8188919425010681,1.8275889158248901,1e-04,0.8188919425010681,0.8350290656089783,1.8343697786331177,0.8350290656089783
498,0.8188011050224304,1.828400731086731,1e-04,0.8188011050224304,0.8448401093482971,1.8028825521469116,0.8448401093482971
499,0.8198910355567932,1.83860182762146,1e-04,0.8198910355567932,0.8266715407371521,1.8258674144744873,0.8266715407371521
